"pair","diff","lwr","upr","p_adj"
"專制權威-開明權威",-0.0277481587036215,-0.130251110113102,0.0747547927058593,0.898805070801915
"寬鬆放任-開明權威",0.396581792863174,0.287562329754902,0.505601255971446,7.81719133868819e-12
"忽視冷漠-開明權威",0.0951909629634797,0.00455234212600136,0.185829583800958,0.0351740693804421
"寬鬆放任-專制權威",0.424329951566796,0.31194018382928,0.536719719304312,7.81663622717588e-12
"忽視冷漠-專制權威",0.122939121667101,0.0282735199788578,0.217604723355345,0.00472026595734065
"忽視冷漠-寬鬆放任",-0.301390829899694,-0.403076445557754,-0.199705214241635,7.97895083337608e-12
