"var","soloR2"
"公私立",0.0387029320620934
"城鄉",0.0326084813867667
"偏遠",0.0133808535911538
"要求 D",0.0111496735368444
"回應 R",0.00291510475535917
"性別",2.85819489006729e-05
